-penguiBall,,factors
-uroShocked2,,tophat
-penguiRoll,.gif,factors
-fluoSad2,,tophat
-madoGrill2,.gif,tophat
-penguiNom,,goobert
-minnaMoth,,tophat
-souCigarette,.webp,starbits
-mumaBall,,starlitehi
-aruFrozen,,tophat
-penguiBall2,,tophat
-souAshBaby,,starbits
-nasu,,starlitehi
-nasuFreakout,,starlitehi
-tsuba,,tophat
-daveCry,,Tanjunebi
-irvTiny,,Tanjunebi
-ladyTiny,,Tanjunebi
-madoTiny,,Tanjunebi
-minnaTiny,,Tanjunebi
-monoeWAAAH,,Tanjunebi
-mumaTiny,,Tanjunebi
-nikoTiny,,Tanjunebi
-noeTiny,,Tanjunebi
-provostTiny,,Tanjunebi
-sabiTiny,,Tanjunebi
-sheepie,,Tanjunebi
-shimiTiny,,Tanjunebi
-someTiny,,Tanjunebi
-someTomato,,Tanjunebi
-starLeggy,,Tanjunebi
-aiSmonk,,MichiSan
-shimakoYeehaw,,tophat
-monoeNom,,tophat
-penguiBall3,,jackssrt
-souAddict,,starbits
-uroJammy,,tophat
-souMoldBaby,,starbits & goobert
-qiuGaa,,tophat
-penguiHeart,,factors
-shadowBikerEvil,,tophat
-minnaFinger,,anglerfishchef
-penguiBall4,,goobert
-fluoHappy,,goobert
-surimukiEyes,.webp,SamsungFridg
-tsubaNom,,tophat
-uroTrue,,thatdolphin
-uroFalse,,thatdolphin
-uroDamn,,thatdolphin
-uroGlue,,thatdolphin
-fluoUnhappy,,goobert & starlitehi
-tsubaBaby,,MichiSan
-qiuHappy,,IronCam
-someHappy,,IronCam
-tsubaHappy,,IronCam
-itsuHappy,,IronCam
-fluoPat,.gif,SierpinskiSi
-penguiSwing,,goobert
-uroUmbrella,,tophat
-tsubaScared,,tophat
-sabiBob,,goobert
-fluoHappyRetro,,starlitehi
-fluoTiny,,Tanjunebi
-kuboTiny,,Tanjunebi
-totsuTiny,,Tanjunebi
-wormTiny,,Tanjunebi
-commandoTiny,,Tanjunebi
-tsubaPog,,MichiSan
-souNaeNae,.webp,starbits
-poniTiny,,Tanjunebi
-monoeTiny,,Tanjunebi
-monokoTiny,,Tanjunebi
-musumeTiny,,Tanjunebi
-uroTinyFairy,,Tanjunebi
-sniperTooth,,umitsuki03
-noeThrow,,tophat
-aleHit,,tophat
-uroPonder,,LimeGreen
-tsurobi,,starlitehi
-hemoko,,starlitehi
-penguiRotateDeleted,,goobert
-uroRainbow2,,starlitehi
-uroEgg,.gif,goobert
-uroBaby,,starbits
-sabiBaby,,starbits
-fluoPeace,,starlitehi
-fluoUnhappier,,goobert
-minnaGiggle,,Proton
-minnaNerd,,Proton
-minnaSalute,,Proton
-minnaLick,.gif,Snoocola
-tsuba2,,tophat
-penguiSpinRainbow,.webp,goobert
-sabiSauce,,starbits
-rustSauce,,starbits
-uroCool,,umitsuki03
-vitaminwolfStanding,,umitsuki03
-umiStare,,umitsuki03
-fluoBaby,,tophat
-tsubaNom2,,MichiSan
-uroBeer,,tophat
-umi,.webp,umitsuki03
-uroChef,,pizzaguy280
-danaeThumbsup,.gif,pizzaguy280
